{
  "peak_episode": 20000,
  "peak_eval_reward": 0.014050000000000007,
  "peak_success_rate": 0.0,
  "eval_rewards_list": [
    0.021500000000000016,
    0.010500000000000006,
    0.015000000000000006,
    0.007999999999999998,
    0.008,
    0.014500000000000006,
    0.01600000000000001,
    0.016000000000000004,
    0.015500000000000007,
    0.01550000000000001
  ],
  "eval_deliveries_list": [
    0,
    0,
    0,
    0,
    0,
    0,
    0,
    0,
    0,
    0
  ]
}