{
  "peak_episode": 11000,
  "peak_eval_reward": 171.16999999999985,
  "peak_success_rate": 1.0,
  "eval_rewards_list": [
    386.90000000000157,
    69.60000000000005,
    119.9999999999997,
    171.29999999999774,
    181.29999999999902,
    80.39999999999986,
    71.7,
    51.60000000000075,
    93.99999999999956,
    484.9
  ],
  "eval_deliveries_list": [
    1,
    1,
    1,
    1,
    1,
    1,
    1,
    1,
    1,
    1
  ]
}