{
  "peak_episode": 4000,
  "peak_eval_reward": 0.10000000000000005,
  "peak_success_rate": 0.1,
  "eval_rewards_list": [
    1.0750000000000004,
    -0.07500000000000001,
    -0.025,
    -0.05,
    0.17500000000000002,
    -0.07500000000000001,
    -0.05,
    -0.05,
    -0.025,
    0.1
  ],
  "eval_deliveries_list": [
    1,
    0,
    0,
    0,
    0,
    0,
    0,
    0,
    0,
    0
  ]
}