{
  "peak_episode": 13000,
  "peak_eval_reward": 11.016499999999988,
  "peak_success_rate": 0.0,
  "eval_rewards_list": [
    0.04,
    0.92,
    0.03,
    42.274999999999956,
    0.0,
    16.345000000000006,
    0.005,
    1.09,
    48.88999999999991,
    0.5700000000000004
  ],
  "eval_deliveries_list": [
    0,
    0,
    0,
    0,
    0,
    0,
    0,
    0,
    0,
    0
  ]
}