{
  "peak_episode": 3000,
  "peak_eval_reward": -39.9999999999995,
  "peak_success_rate": 0.0,
  "eval_rewards_list": [
    -39.9999999999995,
    -39.9999999999995,
    -39.9999999999995,
    -39.9999999999995,
    -39.9999999999995,
    -39.9999999999995,
    -39.9999999999995,
    -39.9999999999995,
    -39.9999999999995,
    -39.9999999999995
  ],
  "eval_deliveries_list": [
    0,
    0,
    0,
    0,
    0,
    0,
    0,
    0,
    0,
    0
  ]
}